id,first_name,last_name,phone_number
1,Brigid,Arlt,+86 557 285 0280
2,Flora,Witheford,+1 949 553 5346
3,Myrta,Woodvine,+98 750 378 9655
4,Steffen,Mimmack,+57 370 163 7635
5,Cyrille,Veschi,+380 332 342 3352
6,Nickolai,Futter,+30 538 552 0901
7,Gardner,Haggerwood,+62 513 225 9802
8,Dian,Tomini,+62 324 788 1456
9,Shaw,Coolson,+86 542 908 9345
10,Genny,Robion,+1 312 346 5640
11,Marja,Lundbech,+351 376 211 8436
12,Jarred,Bhatia,+81 967 259 1163
13,Chan,Soper,+58 529 649 5259
14,Helaine,Swinfon,+46 151 698 6970
15,Amble,Cahalan,+63 147 596 7402
16,Sosanna,Frears,+62 140 526 4826
17,Joachim,Serchwell,+84 376 982 2054
18,Floyd,Hands,+81 406 558 3713
19,Tierney,Geydon,+251 441 365 8857
20,Maude,Dellenty,+351 279 786 7267
